title,company,location,description,required_skills,experience_required,salary_range,employment_type
Job 0,Company 0,Douglas,,Not specified,3,Competitive,Full-time
Job 1,Company 1,Ashgabat,,Not specified,1,Competitive,Full-time
Job 2,Company 2,Macao,,Not specified,3,Competitive,Full-time
Job 3,Company 3,Porto-Novo,,Not specified,1,Competitive,Full-time
Job 4,Company 4,Santiago,,Not specified,4,Competitive,Full-time
Job 5,Company 5,Brussels,,Not specified,3,Competitive,Full-time
Job 6,Company 6,George Town,,Not specified,3,Competitive,Full-time
Job 7,Company 7,SÃ£o TomÃ©,,Not specified,3,Competitive,Full-time
Job 8,Company 8,Male,,Not specified,4,Competitive,Full-time
Job 9,Company 9,Saint John's,,Not specified,4,Competitive,Full-time
Job 10,Company 10,Manama,,Not specified,1,Competitive,Full-time
Job 11,Company 11,The City of Hamilton,,Not specified,1,Competitive,Full-time
Job 12,Company 12,Kingston,,Not specified,1,Competitive,Full-time
Job 13,Company 13,Banjul,,Not specified,3,Competitive,Full-time
Job 14,Company 14,Damascus,,Not specified,4,Competitive,Full-time
Job 15,Company 15,Sanaa,,Not specified,3,Competitive,Full-time
Job 16,Company 16,San Marino,,Not specified,4,Competitive,Full-time
Job 17,Company 17,Papeete,,Not specified,2,Competitive,Full-time
Job 18,Company 18,Seoul,,Not specified,2,Competitive,Full-time
Job 19,Company 19,Kinshasa,,Not specified,4,Competitive,Full-time
Job 20,Company 20,Baku,,Not specified,3,Competitive,Full-time
Job 21,Company 21,Funafuti,,Not specified,3,Competitive,Full-time
Job 22,Company 22,Asmara,,Not specified,1,Competitive,Full-time
Job 23,Company 23,Tegucigalpa,,Not specified,1,Competitive,Full-time
Job 24,Company 24,Road Town,,Not specified,4,Competitive,Full-time
Job 25,Company 25,Havana,,Not specified,3,Competitive,Full-time
Job 26,Company 26,Budapest,,Not specified,1,Competitive,Full-time
Job 27,Company 27,Banjul,,Not specified,1,Competitive,Full-time
Job 28,Company 28,Funafuti,,Not specified,4,Competitive,Full-time
Job 29,Company 29,AsunciÃ³n,,Not specified,3,Competitive,Full-time
Job 30,Company 30,Amman,,Not specified,3,Competitive,Full-time
Job 31,Company 31,Santiago,,Not specified,1,Competitive,Full-time
Job 32,Company 32,Abuja,,Not specified,3,Competitive,Full-time
Job 33,Company 33,Tripoli,,Not specified,2,Competitive,Full-time
Job 34,Company 34,Canberra,,Not specified,4,Competitive,Full-time
Job 35,Company 35,Noumea,,Not specified,1,Competitive,Full-time
Job 36,Company 36,Muscat,,Not specified,4,Competitive,Full-time
Job 37,Company 37,Gaza,,Not specified,1,Competitive,Full-time
Job 38,Company 38,Honiara,,Not specified,4,Competitive,Full-time
Job 39,Company 39,SÃ£o TomÃ©,,Not specified,1,Competitive,Full-time
Job 40,Company 40,Yamoussoukro,,Not specified,3,Competitive,Full-time
Job 41,Company 41,Quito,,Not specified,4,Competitive,Full-time
Job 42,Company 42,Charlotte Amalie,,Not specified,3,Competitive,Full-time
Job 43,Company 43,Yaounde,,Not specified,1,Competitive,Full-time
Job 44,Company 44,Yaounde,,Not specified,2,Competitive,Full-time
Job 45,Company 45,Moroni,,Not specified,1,Competitive,Full-time
Job 46,Company 46,Madrid,,Not specified,1,Competitive,Full-time
Job 47,Company 47,Belmopan,,Not specified,3,Competitive,Full-time
Job 48,Company 48,Valletta,,Not specified,3,Competitive,Full-time
Job 49,Company 49,Panama City,,Not specified,2,Competitive,Full-time
Job 50,Company 50,Yaounde,,Not specified,1,Competitive,Full-time
Job 51,Company 51,Yaounde,,Not specified,4,Competitive,Full-time
Job 52,Company 52,Brazzaville,,Not specified,4,Competitive,Full-time
Job 53,Company 53,Cockburn Town,,Not specified,1,Competitive,Full-time
Job 54,Company 54,Phnom Penh,,Not specified,4,Competitive,Full-time
Job 55,Company 55,Monaco,,Not specified,1,Competitive,Full-time
Job 56,Company 56,Yerevan,,Not specified,1,Competitive,Full-time
Job 57,Company 57,Hagatna,,Not specified,1,Competitive,Full-time
Job 58,Company 58,Castries,,Not specified,3,Competitive,Full-time
Job 59,Company 59,Brazzaville,,Not specified,2,Competitive,Full-time
Job 60,Company 60,Belmopan,,Not specified,2,Competitive,Full-time
Job 61,Company 61,New Delhi,,Not specified,2,Competitive,Full-time
Job 62,Company 62,Mogadishu,,Not specified,3,Competitive,Full-time
Job 63,Company 63,Islamabad,,Not specified,2,Competitive,Full-time
Job 64,Company 64,Bandar Seri Begawan,,Not specified,3,Competitive,Full-time
Job 65,Company 65,Yaounde,,Not specified,1,Competitive,Full-time
Job 66,Company 66,Gaza,,Not specified,3,Competitive,Full-time
Job 67,Company 67,Roseau,,Not specified,2,Competitive,Full-time
Job 68,Company 68,Castries,,Not specified,3,Competitive,Full-time
Job 69,Company 69,London,,Not specified,2,Competitive,Full-time
Job 70,Company 70,Kabul,,Not specified,3,Competitive,Full-time
Job 71,Company 71,Ulaanbaatar,,Not specified,3,Competitive,Full-time
Job 72,Company 72,San Marino,,Not specified,3,Competitive,Full-time
Job 73,Company 73,Ulaanbaatar,,Not specified,1,Competitive,Full-time
Job 74,Company 74,Bratislava,,Not specified,3,Competitive,Full-time
Job 75,Company 75,Rabat,,Not specified,1,Competitive,Full-time
Job 76,Company 76,Pretoria,,Not specified,2,Competitive,Full-time
Job 77,Company 77,Gaborone,,Not specified,4,Competitive,Full-time
Job 78,Company 78,Marigot,,Not specified,3,Competitive,Full-time
Job 79,Company 79,Bandar Seri Begawan,,Not specified,3,Competitive,Full-time
Job 80,Company 80,Riyadh,,Not specified,2,Competitive,Full-time
Job 81,Company 81,Dhaka,,Not specified,4,Competitive,Full-time
Job 82,Company 82,Kathmandu,,Not specified,1,Competitive,Full-time
Job 83,Company 83,Kuala Lumpur,,Not specified,2,Competitive,Full-time
Job 84,Company 84,Bishkek,,Not specified,4,Competitive,Full-time
Job 85,Company 85,Sri Jayawardenepura Kotte,,Not specified,1,Competitive,Full-time
Job 86,Company 86,Mexico City,,Not specified,3,Competitive,Full-time
Job 87,Company 87,Chisinau,,Not specified,1,Competitive,Full-time
Job 88,Company 88,Guatemala City,,Not specified,3,Competitive,Full-time
Job 89,Company 89,Sri Jayawardenepura Kotte,,Not specified,4,Competitive,Full-time
Job 90,Company 90,Quito,,Not specified,2,Competitive,Full-time
Job 91,Company 91,Moscow,,Not specified,4,Competitive,Full-time
Job 92,Company 92,Riga,,Not specified,3,Competitive,Full-time
Job 93,Company 93,Berlin,,Not specified,2,Competitive,Full-time
Job 94,Company 94,Djibouti (city),,Not specified,1,Competitive,Full-time
Job 95,Company 95,Paramaribo,,Not specified,2,Competitive,Full-time
Job 96,Company 96,City of Port Louis,,Not specified,1,Competitive,Full-time
Job 97,Company 97,Bamako,,Not specified,3,Competitive,Full-time
Job 98,Company 98,Papeete,,Not specified,3,Competitive,Full-time
Job 99,Company 99,Brussels,,Not specified,2,Competitive,Full-time
Job 100,Company 100,San Jose,,Not specified,1,Competitive,Full-time
Job 101,Company 101,Jakarta,,Not specified,3,Competitive,Full-time
Job 102,Company 102,Suva,,Not specified,2,Competitive,Full-time
Job 103,Company 103,Amman,,Not specified,3,Competitive,Full-time
Job 104,Company 104,Kigali,,Not specified,4,Competitive,Full-time
Job 105,Company 105,Juba,,Not specified,4,Competitive,Full-time
Job 106,Company 106,Manama,,Not specified,4,Competitive,Full-time
Job 107,Company 107,Vientiane,,Not specified,1,Competitive,Full-time
Job 108,Company 108,Castries,,Not specified,2,Competitive,Full-time
Job 109,Company 109,Gaborone,,Not specified,3,Competitive,Full-time
Job 110,Company 110,George Town,,Not specified,2,Competitive,Full-time
Job 111,Company 111,Quito,,Not specified,4,Competitive,Full-time
Job 112,Company 112,San Juan,,Not specified,4,Competitive,Full-time
Job 113,Company 113,Tokyo,,Not specified,3,Competitive,Full-time
Job 114,Company 114,Male,,Not specified,1,Competitive,Full-time
Job 115,Company 115,Sucre (de jure),,Not specified,3,Competitive,Full-time
Job 116,Company 116,Brussels,,Not specified,2,Competitive,Full-time
Job 117,Company 117,Banjul,,Not specified,1,Competitive,Full-time
Job 118,Company 118,London,,Not specified,1,Competitive,Full-time
Job 119,Company 119,Manila,,Not specified,2,Competitive,Full-time
Job 120,Company 120,Luxembourg,,Not specified,3,Competitive,Full-time
Job 121,Company 121,Quito,,Not specified,2,Competitive,Full-time
Job 122,Company 122,Castries,,Not specified,4,Competitive,Full-time
Job 123,Company 123,AsunciÃ³n,,Not specified,4,Competitive,Full-time
Job 124,Company 124,Praia,,Not specified,4,Competitive,Full-time
Job 125,Company 125,Port Moresby,,Not specified,2,Competitive,Full-time
Job 126,Company 126,Seoul,,Not specified,2,Competitive,Full-time
Job 127,Company 127,Dakar,,Not specified,3,Competitive,Full-time
Job 128,Company 128,Bandar Seri Begawan,,Not specified,3,Competitive,Full-time
Job 129,Company 129,Oslo,,Not specified,4,Competitive,Full-time
Job 130,Company 130,Muscat,,Not specified,1,Competitive,Full-time
Job 131,Company 131,Maseru,,Not specified,3,Competitive,Full-time
Job 132,Company 132,Port Moresby,,Not specified,3,Competitive,Full-time
Job 133,Company 133,Bamako,,Not specified,2,Competitive,Full-time
Job 134,Company 134,Pretoria,,Not specified,3,Competitive,Full-time
Job 135,Company 135,Copenhagen,,Not specified,2,Competitive,Full-time
Job 136,Company 136,Kuwait City,,Not specified,1,Competitive,Full-time
Job 137,Company 137,Port Vila,,Not specified,3,Competitive,Full-time
Job 138,Company 138,Moscow,,Not specified,1,Competitive,Full-time
Job 139,Company 139,Riga,,Not specified,3,Competitive,Full-time
Job 140,Company 140,Juba,,Not specified,1,Competitive,Full-time
Job 141,Company 141,Lusaka,,Not specified,3,Competitive,Full-time
Job 142,Company 142,Brasilia,,Not specified,3,Competitive,Full-time
Job 143,Company 143,Cockburn Town,,Not specified,1,Competitive,Full-time
Job 144,Company 144,Jakarta,,Not specified,4,Competitive,Full-time
Job 145,Company 145,New Delhi,,Not specified,3,Competitive,Full-time
Job 146,Company 146,Port of Spain,,Not specified,2,Competitive,Full-time
Job 147,Company 147,Kigali,,Not specified,1,Competitive,Full-time
Job 148,Company 148,Quito,,Not specified,3,Competitive,Full-time
Job 149,Company 149,Kampala,,Not specified,2,Competitive,Full-time
Job 150,Company 150,Funafuti,,Not specified,2,Competitive,Full-time
Job 151,Company 151,City of Victoria,,Not specified,2,Competitive,Full-time
Job 152,Company 152,Prague,,Not specified,4,Competitive,Full-time
Job 153,Company 153,Bangui,,Not specified,4,Competitive,Full-time
Job 154,Company 154,Bratislava,,Not specified,1,Competitive,Full-time
Job 155,Company 155,Port Moresby,,Not specified,1,Competitive,Full-time
Job 156,Company 156,"Washington, D.C.",,Not specified,3,Competitive,Full-time
Job 157,Company 157,Suva,,Not specified,1,Competitive,Full-time
Job 158,Company 158,Montevideo,,Not specified,4,Competitive,Full-time
Job 159,Company 159,Castries,,Not specified,4,Competitive,Full-time
Job 160,Company 160,Kampala,,Not specified,1,Competitive,Full-time
Job 161,Company 161,Antananarivo,,Not specified,1,Competitive,Full-time
Job 162,Company 162,The City of Hamilton,,Not specified,3,Competitive,Full-time
Job 163,Company 163,Prague,,Not specified,1,Competitive,Full-time
Job 164,Company 164,Chisinau,,Not specified,3,Competitive,Full-time
Job 165,Company 165,Skopje,,Not specified,4,Competitive,Full-time
Job 166,Company 166,Amman,,Not specified,1,Competitive,Full-time
Job 167,Company 167,Port-au-Prince,,Not specified,1,Competitive,Full-time
Job 168,Company 168,"Malabo (de jure),",,Not specified,2,Competitive,Full-time
Job 169,Company 169,Bamako,,Not specified,4,Competitive,Full-time
Job 170,Company 170,Monrovia,,Not specified,1,Competitive,Full-time
Job 171,Company 171,Suva,,Not specified,1,Competitive,Full-time
Job 172,Company 172,Berlin,,Not specified,2,Competitive,Full-time
Job 173,Company 173,London,,Not specified,2,Competitive,Full-time
Job 174,Company 174,Tegucigalpa,,Not specified,2,Competitive,Full-time
Job 175,Company 175,Macao,,Not specified,4,Competitive,Full-time
Job 176,Company 176,Douglas,,Not specified,1,Competitive,Full-time
Job 177,Company 177,Maseru,,Not specified,2,Competitive,Full-time
Job 178,Company 178,Antananarivo,,Not specified,4,Competitive,Full-time
Job 179,Company 179,Bridgetown,,Not specified,1,Competitive,Full-time
Job 180,Company 180,Moroni,,Not specified,2,Competitive,Full-time
Job 181,Company 181,Jakarta,,Not specified,1,Competitive,Full-time
Job 182,Company 182,Manama,,Not specified,1,Competitive,Full-time
Job 183,Company 183,Port of Spain,,Not specified,4,Competitive,Full-time
Job 184,Company 184,Tripoli,,Not specified,3,Competitive,Full-time
Job 185,Company 185,Castries,,Not specified,2,Competitive,Full-time
Job 186,Company 186,Funafuti,,Not specified,3,Competitive,Full-time
Job 187,Company 187,SÃ£o TomÃ©,,Not specified,1,Competitive,Full-time
Job 188,Company 188,Kathmandu,,Not specified,4,Competitive,Full-time
Job 189,Company 189,San Marino,,Not specified,2,Competitive,Full-time
Job 190,Company 190,Douglas,,Not specified,3,Competitive,Full-time
Job 191,Company 191,Moscow,,Not specified,4,Competitive,Full-time
Job 192,Company 192,Tehran,,Not specified,2,Competitive,Full-time
Job 193,Company 193,Kuwait City,,Not specified,1,Competitive,Full-time
Job 194,Company 194,SÃ£o TomÃ©,,Not specified,3,Competitive,Full-time
Job 195,Company 195,Santo Domingo,,Not specified,4,Competitive,Full-time
Job 196,Company 196,Ashgabat,,Not specified,4,Competitive,Full-time
Job 197,Company 197,Singapore,,Not specified,2,Competitive,Full-time
Job 198,Company 198,Lima,,Not specified,2,Competitive,Full-time
Job 199,Company 199,Conakry,,Not specified,4,Competitive,Full-time
Job 200,Company 200,Riga,,Not specified,3,Competitive,Full-time
Job 201,Company 201,Ngerulmud,,Not specified,4,Competitive,Full-time
Job 202,Company 202,Maseru,,Not specified,1,Competitive,Full-time
Job 203,Company 203,Papeete,,Not specified,4,Competitive,Full-time
Job 204,Company 204,Gibraltar,,Not specified,2,Competitive,Full-time
Job 205,Company 205,Gibraltar,,Not specified,1,Competitive,Full-time
Job 206,Company 206,Victoria,,Not specified,4,Competitive,Full-time
Job 207,Company 207,Santo Domingo,,Not specified,4,Competitive,Full-time
Job 208,Company 208,City of Baghdad,,Not specified,3,Competitive,Full-time
Job 209,Company 209,Brasilia,,Not specified,1,Competitive,Full-time
Job 210,Company 210,Budapest,,Not specified,2,Competitive,Full-time
Job 211,Company 211,Nairobi,,Not specified,4,Competitive,Full-time
Job 212,Company 212,Bucharest,,Not specified,2,Competitive,Full-time
Job 213,Company 213,Damascus,,Not specified,1,Competitive,Full-time
Job 214,Company 214,City of Port Louis,,Not specified,3,Competitive,Full-time
Job 215,Company 215,Pretoria,,Not specified,1,Competitive,Full-time
Job 216,Company 216,Baku,,Not specified,1,Competitive,Full-time
Job 217,Company 217,Juba,,Not specified,1,Competitive,Full-time
Job 218,Company 218,Nicosia,,Not specified,2,Competitive,Full-time
Job 219,Company 219,City of Port Louis,,Not specified,2,Competitive,Full-time
Job 220,Company 220,Nouakchott,,Not specified,1,Competitive,Full-time
Job 221,Company 221,Amsterdam,,Not specified,1,Competitive,Full-time
Job 222,Company 222,Paris,,Not specified,2,Competitive,Full-time
Job 223,Company 223,Dili,,Not specified,1,Competitive,Full-time
Job 224,Company 224,Apia,,Not specified,2,Competitive,Full-time
Job 225,Company 225,N'Djamena,,Not specified,2,Competitive,Full-time
Job 226,Company 226,Manama,,Not specified,3,Competitive,Full-time
Job 227,Company 227,Valletta,,Not specified,3,Competitive,Full-time
Job 228,Company 228,Honiara,,Not specified,3,Competitive,Full-time
Job 229,Company 229,Ngerulmud,,Not specified,4,Competitive,Full-time
Job 230,Company 230,Pretoria,,Not specified,2,Competitive,Full-time
Job 231,Company 231,Luxembourg,,Not specified,2,Competitive,Full-time
Job 232,Company 232,Dublin,,Not specified,2,Competitive,Full-time
Job 233,Company 233,Victoria,,Not specified,3,Competitive,Full-time
Job 234,Company 234,Male,,Not specified,4,Competitive,Full-time
Job 235,Company 235,Yerevan,,Not specified,2,Competitive,Full-time
Job 236,Company 236,Tripoli,,Not specified,1,Competitive,Full-time
Job 237,Company 237,Bangui,,Not specified,1,Competitive,Full-time
Job 238,Company 238,Amman,,Not specified,4,Competitive,Full-time
Job 239,Company 239,Damascus,,Not specified,3,Competitive,Full-time
Job 240,Company 240,Bishkek,,Not specified,2,Competitive,Full-time
Job 241,Company 241,Oslo,,Not specified,1,Competitive,Full-time
Job 242,Company 242,Accra,,Not specified,1,Competitive,Full-time
Job 243,Company 243,BogotÃ¡,,Not specified,1,Competitive,Full-time
Job 244,Company 244,Damascus,,Not specified,2,Competitive,Full-time
Job 245,Company 245,The City of Hamilton,,Not specified,2,Competitive,Full-time
Job 246,Company 246,Port Moresby,,Not specified,2,Competitive,Full-time
Job 247,Company 247,Bangkok,,Not specified,3,Competitive,Full-time
Job 248,Company 248,Tashkent,,Not specified,1,Competitive,Full-time
Job 249,Company 249,Apia,,Not specified,3,Competitive,Full-time
Job 250,Company 250,The City of Hamilton,,Not specified,4,Competitive,Full-time
Job 251,Company 251,Dili,,Not specified,4,Competitive,Full-time
Job 252,Company 252,Amsterdam,,Not specified,3,Competitive,Full-time
Job 253,Company 253,Naypyidaw,,Not specified,3,Competitive,Full-time
Job 254,Company 254,Panama City,,Not specified,4,Competitive,Full-time
Job 255,Company 255,Kingstown,,Not specified,3,Competitive,Full-time
Job 256,Company 256,Paramaribo,,Not specified,2,Competitive,Full-time
Job 257,Company 257,The City of Hamilton,,Not specified,1,Competitive,Full-time
Job 258,Company 258,Ouagadougou,,Not specified,1,Competitive,Full-time
Job 259,Company 259,Torshavn,,Not specified,1,Competitive,Full-time
Job 260,Company 260,Nuuk,,Not specified,4,Competitive,Full-time
Job 261,Company 261,Paris,,Not specified,1,Competitive,Full-time
Job 262,Company 262,Ulaanbaatar,,Not specified,3,Competitive,Full-time
Job 263,Company 263,Hagatna,,Not specified,1,Competitive,Full-time
Job 264,Company 264,Sarajevo,,Not specified,3,Competitive,Full-time
Job 265,Company 265,Nur-Sultan,,Not specified,2,Competitive,Full-time
Job 266,Company 266,AsunciÃ³n,,Not specified,2,Competitive,Full-time
Job 267,Company 267,Marigot,,Not specified,4,Competitive,Full-time
Job 268,Company 268,Managua,,Not specified,4,Competitive,Full-time
Job 269,Company 269,Beijing,,Not specified,3,Competitive,Full-time
Job 270,Company 270,"Washington, D.C.",,Not specified,3,Competitive,Full-time
Job 271,Company 271,Vaduz,,Not specified,4,Competitive,Full-time
Job 272,Company 272,Phnom Penh,,Not specified,2,Competitive,Full-time
Job 273,Company 273,Bishkek,,Not specified,1,Competitive,Full-time
Job 274,Company 274,Warsaw,,Not specified,3,Competitive,Full-time
Job 275,Company 275,Bern,,Not specified,3,Competitive,Full-time
Job 276,Company 276,Seoul,,Not specified,3,Competitive,Full-time
Job 277,Company 277,Montevideo,,Not specified,3,Competitive,Full-time
Job 278,Company 278,Singapore,,Not specified,1,Competitive,Full-time
Job 279,Company 279,Buenos Aires,,Not specified,3,Competitive,Full-time
Job 280,Company 280,Mbabane,,Not specified,3,Competitive,Full-time
Job 281,Company 281,Bratislava,,Not specified,1,Competitive,Full-time
Job 282,Company 282,Manama,,Not specified,1,Competitive,Full-time
Job 283,Company 283,Guatemala City,,Not specified,4,Competitive,Full-time
Job 284,Company 284,Vientiane,,Not specified,1,Competitive,Full-time
Job 285,Company 285,Pretoria,,Not specified,2,Competitive,Full-time
Job 286,Company 286,Damascus,,Not specified,1,Competitive,Full-time
Job 287,Company 287,Bridgetown,,Not specified,4,Competitive,Full-time
Job 288,Company 288,Dodoma,,Not specified,3,Competitive,Full-time
Job 289,Company 289,Dakar,,Not specified,3,Competitive,Full-time
Job 290,Company 290,Yamoussoukro,,Not specified,3,Competitive,Full-time
Job 291,Company 291,Suva,,Not specified,1,Competitive,Full-time
Job 292,Company 292,Gaza,,Not specified,1,Competitive,Full-time
Job 293,Company 293,New Delhi,,Not specified,2,Competitive,Full-time
Job 294,Company 294,Caracas,,Not specified,4,Competitive,Full-time
Job 295,Company 295,Monrovia,,Not specified,3,Competitive,Full-time
Job 296,Company 296,Jerusalem,,Not specified,4,Competitive,Full-time
Job 297,Company 297,Bangkok,,Not specified,3,Competitive,Full-time
Job 298,Company 298,Thimphu,,Not specified,1,Competitive,Full-time
Job 299,Company 299,Buenos Aires,,Not specified,2,Competitive,Full-time
Job 300,Company 300,City of Victoria,,Not specified,2,Competitive,Full-time
Job 301,Company 301,Yerevan,,Not specified,4,Competitive,Full-time
Job 302,Company 302,London,,Not specified,2,Competitive,Full-time
Job 303,Company 303,Harare,,Not specified,3,Competitive,Full-time
Job 304,Company 304,Andorra la Vella,,Not specified,2,Competitive,Full-time
Job 305,Company 305,Chisinau,,Not specified,2,Competitive,Full-time
Job 306,Company 306,Phnom Penh,,Not specified,1,Competitive,Full-time
Job 307,Company 307,Amman,,Not specified,1,Competitive,Full-time
Job 308,Company 308,Castries,,Not specified,1,Competitive,Full-time
Job 309,Company 309,Djibouti (city),,Not specified,2,Competitive,Full-time
Job 310,Company 310,London,,Not specified,1,Competitive,Full-time
Job 311,Company 311,Nur-Sultan,,Not specified,2,Competitive,Full-time
Job 312,Company 312,Cairo,,Not specified,2,Competitive,Full-time
Job 313,Company 313,Valletta,,Not specified,1,Competitive,Full-time
Job 314,Company 314,Nuuk,,Not specified,1,Competitive,Full-time
Job 315,Company 315,Nicosia,,Not specified,4,Competitive,Full-time
Job 316,Company 316,Antananarivo,,Not specified,1,Competitive,Full-time
Job 317,Company 317,Chisinau,,Not specified,2,Competitive,Full-time
Job 318,Company 318,Basseterre,,Not specified,2,Competitive,Full-time
Job 319,Company 319,Apia,,Not specified,1,Competitive,Full-time
Job 320,Company 320,Vaduz,,Not specified,2,Competitive,Full-time
Job 321,Company 321,Lisbon,,Not specified,2,Competitive,Full-time
Job 322,Company 322,Kingstown,,Not specified,3,Competitive,Full-time
Job 323,Company 323,Tripoli,,Not specified,1,Competitive,Full-time
Job 324,Company 324,Jakarta,,Not specified,3,Competitive,Full-time
Job 325,Company 325,Abuja,,Not specified,1,Competitive,Full-time
Job 326,Company 326,Khartoum,,Not specified,1,Competitive,Full-time
Job 327,Company 327,Male,,Not specified,3,Competitive,Full-time
Job 328,Company 328,Hagatna,,Not specified,3,Competitive,Full-time
Job 329,Company 329,Riyadh,,Not specified,3,Competitive,Full-time
Job 330,Company 330,Tripoli,,Not specified,1,Competitive,Full-time
Job 331,Company 331,Ottawa,,Not specified,1,Competitive,Full-time
Job 332,Company 332,Wellington,,Not specified,4,Competitive,Full-time
Job 333,Company 333,Freetown,,Not specified,4,Competitive,Full-time
Job 334,Company 334,Pretoria,,Not specified,2,Competitive,Full-time
Job 335,Company 335,Bissau,,Not specified,2,Competitive,Full-time
Job 336,Company 336,Havana,,Not specified,2,Competitive,Full-time
Job 337,Company 337,Abu Dhabi,,Not specified,1,Competitive,Full-time
Job 338,Company 338,Oslo,,Not specified,1,Competitive,Full-time
Job 339,Company 339,LomÃ©,,Not specified,2,Competitive,Full-time
Job 340,Company 340,Riyadh,,Not specified,1,Competitive,Full-time
Job 341,Company 341,San Marino,,Not specified,1,Competitive,Full-time
Job 342,Company 342,City of Port Louis,,Not specified,4,Competitive,Full-time
Job 343,Company 343,Dublin,,Not specified,4,Competitive,Full-time
Job 344,Company 344,SÃ£o TomÃ©,,Not specified,3,Competitive,Full-time
Job 345,Company 345,Libreville,,Not specified,1,Competitive,Full-time
Job 346,Company 346,Ashgabat,,Not specified,2,Competitive,Full-time
Job 347,Company 347,Male,,Not specified,3,Competitive,Full-time
Job 348,Company 348,San Marino,,Not specified,1,Competitive,Full-time
Job 349,Company 349,Montevideo,,Not specified,1,Competitive,Full-time
Job 350,Company 350,Canberra,,Not specified,4,Competitive,Full-time
Job 351,Company 351,Port Moresby,,Not specified,1,Competitive,Full-time
Job 352,Company 352,Basseterre,,Not specified,1,Competitive,Full-time
Job 353,Company 353,Havana,,Not specified,2,Competitive,Full-time
Job 354,Company 354,Douglas,,Not specified,2,Competitive,Full-time
Job 355,Company 355,Sanaa,,Not specified,1,Competitive,Full-time
Job 356,Company 356,Marigot,,Not specified,1,Competitive,Full-time
Job 357,Company 357,Gibraltar,,Not specified,4,Competitive,Full-time
Job 358,Company 358,Paramaribo,,Not specified,2,Competitive,Full-time
Job 359,Company 359,Tegucigalpa,,Not specified,3,Competitive,Full-time
Job 360,Company 360,Moroni,,Not specified,3,Competitive,Full-time
Job 361,Company 361,Ottawa,,Not specified,3,Competitive,Full-time
Job 362,Company 362,Paramaribo,,Not specified,2,Competitive,Full-time
Job 363,Company 363,Sofia,,Not specified,1,Competitive,Full-time
Job 364,Company 364,Sri Jayawardenepura Kotte,,Not specified,2,Competitive,Full-time
Job 365,Company 365,ReykjavÃ­k,,Not specified,4,Competitive,Full-time
Job 366,Company 366,Nuuk,,Not specified,3,Competitive,Full-time
Job 367,Company 367,Sarajevo,,Not specified,1,Competitive,Full-time
Job 368,Company 368,Nur-Sultan,,Not specified,2,Competitive,Full-time
Job 369,Company 369,Canberra,,Not specified,3,Competitive,Full-time
Job 370,Company 370,"Malabo (de jure),",,Not specified,4,Competitive,Full-time
Job 371,Company 371,Muscat,,Not specified,2,Competitive,Full-time
Job 372,Company 372,Bangui,,Not specified,4,Competitive,Full-time
Job 373,Company 373,Prague,,Not specified,3,Competitive,Full-time
Job 374,Company 374,Honiara,,Not specified,3,Competitive,Full-time
Job 375,Company 375,Willemstad,,Not specified,4,Competitive,Full-time
Job 376,Company 376,Mbabane,,Not specified,3,Competitive,Full-time
Job 377,Company 377,Baku,,Not specified,4,Competitive,Full-time
Job 378,Company 378,Lusaka,,Not specified,2,Competitive,Full-time
Job 379,Company 379,Nouakchott,,Not specified,2,Competitive,Full-time
Job 380,Company 380,Nur-Sultan,,Not specified,1,Competitive,Full-time
Job 381,Company 381,Doha,,Not specified,3,Competitive,Full-time
Job 382,Company 382,Conakry,,Not specified,4,Competitive,Full-time
Job 383,Company 383,Ouagadougou,,Not specified,4,Competitive,Full-time
Job 384,Company 384,Paris,,Not specified,1,Competitive,Full-time
Job 385,Company 385,Tunis,,Not specified,4,Competitive,Full-time
Job 386,Company 386,City of Victoria,,Not specified,1,Competitive,Full-time
Job 387,Company 387,Brasilia,,Not specified,1,Competitive,Full-time
Job 388,Company 388,City of Victoria,,Not specified,3,Competitive,Full-time
Job 389,Company 389,Managua,,Not specified,4,Competitive,Full-time
Job 390,Company 390,Santo Domingo,,Not specified,2,Competitive,Full-time
Job 391,Company 391,Nicosia,,Not specified,3,Competitive,Full-time
Job 392,Company 392,Sarajevo,,Not specified,3,Competitive,Full-time
Job 393,Company 393,Guatemala City,,Not specified,3,Competitive,Full-time
Job 394,Company 394,Port of Spain,,Not specified,2,Competitive,Full-time
Job 395,Company 395,London,,Not specified,1,Competitive,Full-time
Job 396,Company 396,Santiago,,Not specified,4,Competitive,Full-time
Job 397,Company 397,Victoria,,Not specified,4,Competitive,Full-time
Job 398,Company 398,Freetown,,Not specified,2,Competitive,Full-time
Job 399,Company 399,Male,,Not specified,2,Competitive,Full-time
Job 400,Company 400,Addis Ababa,,Not specified,3,Competitive,Full-time
Job 401,Company 401,Panama City,,Not specified,1,Competitive,Full-time
Job 402,Company 402,Brazzaville,,Not specified,2,Competitive,Full-time
Job 403,Company 403,Harare,,Not specified,1,Competitive,Full-time
Job 404,Company 404,City of Baghdad,,Not specified,3,Competitive,Full-time
Job 405,Company 405,Paramaribo,,Not specified,4,Competitive,Full-time
Job 406,Company 406,Doha,,Not specified,2,Competitive,Full-time
Job 407,Company 407,Kampala,,Not specified,3,Competitive,Full-time
Job 408,Company 408,Nouakchott,,Not specified,2,Competitive,Full-time
Job 409,Company 409,Willemstad,,Not specified,2,Competitive,Full-time
Job 410,Company 410,Bissau,,Not specified,1,Competitive,Full-time
Job 411,Company 411,Thimphu,,Not specified,2,Competitive,Full-time
Job 412,Company 412,Sofia,,Not specified,3,Competitive,Full-time
Job 413,Company 413,Bishkek,,Not specified,4,Competitive,Full-time
Job 414,Company 414,Banjul,,Not specified,2,Competitive,Full-time
Job 415,Company 415,San Juan,,Not specified,3,Competitive,Full-time
Job 416,Company 416,Bandar Seri Begawan,,Not specified,4,Competitive,Full-time
Job 417,Company 417,Apia,,Not specified,3,Competitive,Full-time
Job 418,Company 418,Port-au-Prince,,Not specified,1,Competitive,Full-time
Job 419,Company 419,Palikir,,Not specified,3,Competitive,Full-time
Job 420,Company 420,San Jose,,Not specified,2,Competitive,Full-time
Job 421,Company 421,BogotÃ¡,,Not specified,1,Competitive,Full-time
Job 422,Company 422,Conakry,,Not specified,4,Competitive,Full-time
Job 423,Company 423,Kabul,,Not specified,3,Competitive,Full-time
Job 424,Company 424,Naypyidaw,,Not specified,3,Competitive,Full-time
Job 425,Company 425,"Malabo (de jure),",,Not specified,2,Competitive,Full-time
Job 426,Company 426,Bangui,,Not specified,4,Competitive,Full-time
Job 427,Company 427,Georgetown,,Not specified,3,Competitive,Full-time
Job 428,Company 428,Libreville,,Not specified,1,Competitive,Full-time
Job 429,Company 429,Kinshasa,,Not specified,2,Competitive,Full-time
Job 430,Company 430,Hagatna,,Not specified,2,Competitive,Full-time
Job 431,Company 431,Honiara,,Not specified,4,Competitive,Full-time
Job 432,Company 432,Amsterdam,,Not specified,2,Competitive,Full-time
Job 433,Company 433,Sri Jayawardenepura Kotte,,Not specified,3,Competitive,Full-time
Job 434,Company 434,Bangui,,Not specified,2,Competitive,Full-time
Job 435,Company 435,Canberra,,Not specified,4,Competitive,Full-time
Job 436,Company 436,Torshavn,,Not specified,4,Competitive,Full-time
Job 437,Company 437,Warsaw,,Not specified,4,Competitive,Full-time
Job 438,Company 438,Mogadishu,,Not specified,2,Competitive,Full-time
Job 439,Company 439,Muscat,,Not specified,1,Competitive,Full-time
Job 440,Company 440,Kigali,,Not specified,4,Competitive,Full-time
Job 441,Company 441,Yaounde,,Not specified,1,Competitive,Full-time
Job 442,Company 442,Prague,,Not specified,1,Competitive,Full-time
Job 443,Company 443,Honiara,,Not specified,4,Competitive,Full-time
Job 444,Company 444,Saint John's,,Not specified,3,Competitive,Full-time
Job 445,Company 445,Paris,,Not specified,4,Competitive,Full-time
Job 446,Company 446,Nuuk,,Not specified,3,Competitive,Full-time
Job 447,Company 447,Andorra la Vella,,Not specified,3,Competitive,Full-time
Job 448,Company 448,Philipsburg,,Not specified,4,Competitive,Full-time
Job 449,Company 449,Gibraltar,,Not specified,4,Competitive,Full-time
Job 450,Company 450,Nuku?alofa,,Not specified,1,Competitive,Full-time
Job 451,Company 451,Port-au-Prince,,Not specified,1,Competitive,Full-time
Job 452,Company 452,San Salvador,,Not specified,3,Competitive,Full-time
Job 453,Company 453,Helsinki,,Not specified,2,Competitive,Full-time
Job 454,Company 454,Kathmandu,,Not specified,4,Competitive,Full-time
Job 455,Company 455,San Juan,,Not specified,3,Competitive,Full-time
Job 456,Company 456,Rabat,,Not specified,4,Competitive,Full-time
Job 457,Company 457,LomÃ©,,Not specified,2,Competitive,Full-time
Job 458,Company 458,Copenhagen,,Not specified,2,Competitive,Full-time
Job 459,Company 459,Skopje,,Not specified,3,Competitive,Full-time
Job 460,Company 460,Vientiane,,Not specified,1,Competitive,Full-time
Job 461,Company 461,Nairobi,,Not specified,3,Competitive,Full-time
Job 462,Company 462,BogotÃ¡,,Not specified,3,Competitive,Full-time
Job 463,Company 463,Kuwait City,,Not specified,2,Competitive,Full-time
Job 464,Company 464,Dodoma,,Not specified,2,Competitive,Full-time
Job 465,Company 465,Male,,Not specified,4,Competitive,Full-time
Job 466,Company 466,Gitega,,Not specified,4,Competitive,Full-time
Job 467,Company 467,Madrid,,Not specified,1,Competitive,Full-time
Job 468,Company 468,Saint John's,,Not specified,1,Competitive,Full-time
Job 469,Company 469,Kathmandu,,Not specified,3,Competitive,Full-time
Job 470,Company 470,Moroni,,Not specified,2,Competitive,Full-time
Job 471,Company 471,Belmopan,,Not specified,4,Competitive,Full-time
Job 472,Company 472,Bishkek,,Not specified,3,Competitive,Full-time
Job 473,Company 473,Skopje,,Not specified,1,Competitive,Full-time
Job 474,Company 474,Yerevan,,Not specified,1,Competitive,Full-time
Job 475,Company 475,Funafuti,,Not specified,2,Competitive,Full-time
Job 476,Company 476,Khartoum,,Not specified,1,Competitive,Full-time
Job 477,Company 477,Budapest,,Not specified,3,Competitive,Full-time
Job 478,Company 478,Asmara,,Not specified,1,Competitive,Full-time
Job 479,Company 479,Bandar Seri Begawan,,Not specified,1,Competitive,Full-time
Job 480,Company 480,Moroni,,Not specified,1,Competitive,Full-time
Job 481,Company 481,Porto-Novo,,Not specified,1,Competitive,Full-time
Job 482,Company 482,Brussels,,Not specified,1,Competitive,Full-time
Job 483,Company 483,Bamako,,Not specified,4,Competitive,Full-time
Job 484,Company 484,The City of Hamilton,,Not specified,3,Competitive,Full-time
Job 485,Company 485,Torshavn,,Not specified,4,Competitive,Full-time
Job 486,Company 486,Rome,,Not specified,1,Competitive,Full-time
Job 487,Company 487,Niamey,,Not specified,1,Competitive,Full-time
Job 488,Company 488,Manila,,Not specified,4,Competitive,Full-time
Job 489,Company 489,Athens,,Not specified,3,Competitive,Full-time
Job 490,Company 490,Kampala,,Not specified,2,Competitive,Full-time
Job 491,Company 491,Luanda,,Not specified,3,Competitive,Full-time
Job 492,Company 492,Budapest,,Not specified,2,Competitive,Full-time
Job 493,Company 493,Oranjestad,,Not specified,3,Competitive,Full-time
Job 494,Company 494,Oranjestad,,Not specified,3,Competitive,Full-time
Job 495,Company 495,Lusaka,,Not specified,2,Competitive,Full-time
Job 496,Company 496,Lima,,Not specified,2,Competitive,Full-time
Job 497,Company 497,San Marino,,Not specified,1,Competitive,Full-time
Job 498,Company 498,SÃ£o TomÃ©,,Not specified,1,Competitive,Full-time
Job 499,Company 499,Dakar,,Not specified,2,Competitive,Full-time
